rule type,value
domain,dis.gd
domain,discord.co
domain,discord.com
domain,discord.design
domain,discord.dev
domain,discord.gg
domain,discord.gift
domain,discord.gifts
domain,discord.media
domain,discord.new
domain,discord.store
domain,discord.tools
domain,discord-activities.com
domain,discordactivities.com
domain,discordapp.com
domain,discordapp.net
domain,discordmerch.com
domain,discordpartygames.com
domain,discordsays.com
domain,discordstatus.com
domain,airhorn.solutions
domain,airhornbot.com
domain,bigbeans.solutions
domain,watchanimeattheoffice.com
domain,discordapp.io
domain,discordcdn.com
domain,discord-attachments-uploads-prd.storage.googleapis.com
domain,hammerandchisel.ssl.zendesk.com
domain,chrome
domain,dclk
domain,gbiz
domain,gle
domain,gmail
domain,goo
domain,goog
domain,google
domain,guge
domain,hangout
domain,nexus
domain,xn--flw351e
domain,xn--qcka1pmc
domain,google.ad
domain,google.ae
domain,google.al
domain,google.am
domain,google.as
domain,google.at
domain,google.az
domain,google.ba
domain,google.be
domain,google.bf
domain,google.bg
domain,google.bi
domain,google.bj
domain,google.bs
domain,google.bt
domain,google.by
domain,google.ca
domain,google.cat
domain,google.cd
domain,google.cf
domain,google.cg
domain,google.ch
domain,google.ci
domain,google.cl
domain,google.cm
domain,google.co
domain,google.co.ao
domain,google.co.bw
domain,google.co.ck
domain,google.co.cr
domain,google.co.id
domain,google.co.il
domain,google.co.in
domain,google.co.jp
domain,google.co.ke
domain,google.co.kr
domain,google.co.ls
domain,google.co.ma
domain,google.co.mz
domain,google.co.nz
domain,google.co.th
domain,google.co.tz
domain,google.co.ug
domain,google.co.uk
domain,google.co.uz
domain,google.co.ve
domain,google.co.vi
domain,google.co.za
domain,google.co.zm
domain,google.co.zw
domain,google.com
domain,google.com.af
domain,google.com.ag
domain,google.com.ai
domain,google.com.ar
domain,google.com.au
domain,google.com.bd
domain,google.com.bh
domain,google.com.bn
domain,google.com.bo
domain,google.com.br
domain,google.com.bz
domain,google.com.co
domain,google.com.cu
domain,google.com.cy
domain,google.com.do
domain,google.com.ec
domain,google.com.eg
domain,google.com.et
domain,google.com.fj
domain,google.com.gh
domain,google.com.gi
domain,google.com.gt
domain,google.com.hk
domain,google.com.jm
domain,google.com.kh
domain,google.com.kw
domain,google.com.lb
domain,google.com.ly
domain,google.com.mm
domain,google.com.mt
domain,google.com.mx
domain,google.com.my
domain,google.com.na
domain,google.com.ng
domain,google.com.ni
domain,google.com.np
domain,google.com.om
domain,google.com.pa
domain,google.com.pe
domain,google.com.pg
domain,google.com.ph
domain,google.com.pk
domain,google.com.pr
domain,google.com.py
domain,google.com.qa
domain,google.com.sa
domain,google.com.sb
domain,google.com.sg
domain,google.com.sl
domain,google.com.sv
domain,google.com.tj
domain,google.com.tr
domain,google.com.tw
domain,google.com.ua
domain,google.com.uy
domain,google.com.vc
domain,google.com.vn
domain,google.cv
domain,google.cz
domain,google.de
domain,google.dj
domain,google.dk
domain,google.dm
domain,google.dz
domain,google.ee
domain,google.es
domain,google.fi
domain,google.fm
domain,google.fr
domain,google.ga
domain,google.ge
domain,google.gg
domain,google.gl
domain,google.gm
domain,google.gr
domain,google.gy
domain,google.hn
domain,google.hr
domain,google.ht
domain,google.hu
domain,google.ie
domain,google.im
domain,google.iq
domain,google.is
domain,google.it
domain,google.je
domain,google.jo
domain,google.kg
domain,google.ki
domain,google.kz
domain,google.la
domain,google.li
domain,google.lk
domain,google.lt
domain,google.lu
domain,google.lv
domain,google.md
domain,google.me
domain,google.mg
domain,google.mk
domain,google.ml
domain,google.mn
domain,google.ms
domain,google.mu
domain,google.mv
domain,google.mw
domain,google.ne
domain,google.nl
domain,google.no
domain,google.nr
domain,google.nu
domain,google.pl
domain,google.pn
domain,google.ps
domain,google.pt
domain,google.ro
domain,google.rs
domain,google.ru
domain,google.rw
domain,google.sc
domain,google.se
domain,google.sh
domain,google.si
domain,google.sk
domain,google.sm
domain,google.sn
domain,google.so
domain,google.sr
domain,google.st
domain,google.td
domain,google.tg
domain,google.tl
domain,google.tm
domain,google.tn
domain,google.to
domain,google.tt
domain,google.vg
domain,google.vu
domain,google.ws
domain,0emm.com
domain,1e100.net
domain,1ucrs.com
domain,466453.com
domain,abc.xyz
domain,adgoogle.net
domain,admeld.com
domain,angulardart.org
domain,api.ai
domain,apigee.com
domain,appbridge.ca
domain,appbridge.io
domain,appbridge.it
domain,appspot.com
domain,apture.com
domain,area120.com
domain,asp-cc.com
domain,autodraw.com
domain,bandpage.com
domain,baselinestudy.com
domain,baselinestudy.org
domain,bazel.build
domain,bdn.dev
domain,beatthatquote.com
domain,blink.org
domain,brocaproject.com
domain,brotli.org
domain,bumpshare.com
domain,bumptop.ca
domain,bumptop.com
domain,bumptop.net
domain,bumptop.org
domain,bumptunes.com
domain,campuslondon.com
domain,certificate-transparency.org
domain,chrome.com
domain,chromebook.com
domain,chromecast.com
domain,chromeos.dev
domain,chromium.org
domain,chronicle.security
domain,chroniclesec.com
domain,cloudburstresearch.com
domain,cloudfunctions.net
domain,cloudproxy.app
domain,cloudrobotics.com
domain,cobrasearch.com
domain,codespot.com
domain,conscrypt.com
domain,conscrypt.org
domain,cookiechoices.org
domain,coova.com
domain,coova.net
domain,coova.org
domain,crossmediapanel.com
domain,cs4hs.com
domain,dartsearch.net
domain,dataliberation.org
domain,debug.com
domain,debugproject.com
domain,devsitetest.how
domain,dialogflow.com
domain,digitalassetlinks.org
domain,docs.new
domain,episodic.com
domain,feedburner.com
domain,fflick.com
domain,financeleadsonline.com
domain,fitbit.com
domain,foofle.com
domain,froogle.com
domain,fuchsia.dev
domain,g-tun.com
domain,g.co
domain,g.dev
domain,g.page
domain,gateway.dev
domain,gcr.io
domain,gerritcodereview.com
domain,getbumptop.com
domain,ggoogle.com
domain,gipscorp.com
domain,globaledu.org
domain,gmail.com
domain,gmodules.com
domain,gogle.com
domain,gogole.com
domain,gonglchuangl.net
domain,goo.gl
domain,googel.com
domain,googil.com
domain,googl.com
domain,google-access.net
domain,google-syndication.com
domain,google.berlin
domain,google.dev
domain,google.net
domain,google.org
domain,google.ventures
domain,googleacquisitionmigration.com
domain,googleapis.cn
domain,googleapis.com
domain,googleapps.com
domain,googlearth.com
domain,googleblog.com
domain,googlebot.com
domain,googlecapital.com
domain,googlecert.net
domain,googlecode.com
domain,googlecommerce.com
domain,googlecompare.co.uk
domain,googledanmark.com
domain,googledomains.com
domain,googledrive.com
domain,googlee.com
domain,googleearth.com
domain,googlefiber.com
domain,googlefiber.net
domain,googlefinland.com
domain,googlemail.com
domain,googlemaps.com
domain,googlepagecreator.com
domain,googlephotos.com
domain,googleplus.com
domain,googlesource.com
domain,googlestore.com
domain,googlesverige.com
domain,googleusercontent.com
domain,googleventures.com
domain,googlezip.net
domain,googlr.com
domain,goolge.com
domain,gooogle.com
domain,gridaware.app
domain,gsrc.io
domain,gstatic.com
domain,gsuite.com
domain,gv.com
domain,gvt0.com
domain,gvt1.com
domain,gvt2.com
domain,gvt3.com
domain,gvt5.com
domain,gvt6.com
domain,gvt7.com
domain,gvt9.com
domain,haplorrhini.com
domain,hdrplusdata.org
domain,hindiweb.com
domain,howtogetmo.co.uk
domain,html5rocks.com
domain,hwgo.com
domain,iamremarkable.org
domain,idx.dev
domain,igoogle.com
domain,impermium.com
domain,itasoftware.com
domain,j2objc.org
domain,jibemobile.com
domain,keyhole.com
domain,keytransparency.com
domain,keytransparency.foo
domain,keytransparency.org
domain,lanternal.com
domain,like.com
domain,madewithcode.com
domain,material.io
domain,mdialog.com
domain,meet.new
domain,mfg-inspector.com
domain,mobileview.page
domain,moodstocks.com
domain,near.by
domain,nest.com
domain,nomulus.foo
domain,oauthz.com
domain,on.here
domain,on2.com
domain,onefifteen.net
domain,onefifteen.org
domain,oneworldmanystories.com
domain,openthread.io
domain,openweave.io
domain,orbitera.com
domain,page.link
domain,pagespeedmobilizer.com
domain,pageview.mobi
domain,panoramio.com
domain,partylikeits1986.org
domain,paxlicense.org
domain,picasa.com
domain,picasaweb.com
domain,picasaweb.net
domain,picasaweb.org
domain,picnik.com
domain,pittpatt.com
domain,pixate.com
domain,postini.com
domain,privacysandbox.com
domain,projectara.com
domain,projectbaseline.com
domain,publishproxy.com
domain,questvisual.com
domain,quickoffice.com
domain,quiksee.com
domain,revolv.com
domain,ridepenguin.com
domain,run.app
domain,savethedate.foo
domain,saynow.com
domain,schemer.com
domain,screenwisetrends.com
domain,screenwisetrendspanel.com
domain,sheets.new
domain,slides.new
domain,snapseed.com
domain,solveforx.com
domain,stadia.dev
domain,stcroixmosquito.com
domain,stcroixmosquitoproject.com
domain,studywatchbyverily.com
domain,studywatchbyverily.org
domain,stxmosquito.com
domain,stxmosquitoproject.com
domain,stxmosquitoproject.net
domain,stxmosquitoproject.org
domain,synergyse.com
domain,tensorflow.org
domain,tfhub.dev
domain,thecleversense.com
domain,thegooglestore.com
domain,thinkquarterly.co.uk
domain,thinkquarterly.com
domain,thinkwithgoogle.com
domain,tiltbrush.com
domain,txcloud.net
domain,txvia.com
domain,unfiltered.news
domain,useplannr.com
domain,usvimosquito.com
domain,usvimosquitoproject.com
domain,velostrata.com
domain,verily.com
domain,verilylifesciences.com
domain,verilystudyhub.com
domain,verilystudywatch.com
domain,verilystudywatch.org
domain,wallet.com
domain,waymo.com
domain,waze.com
domain,web.app
domain,web.dev
domain,webappfieldguide.com
domain,webmproject.org
domain,webpkgcache.com
domain,webrtc.org
domain,weltweitwachsen.de
domain,whatbrowser.org
domain,whats.new
domain,widevine.com
domain,withgoogle.com
domain,womenwill.com
domain,womenwill.com.br
domain,womenwill.id
domain,womenwill.in
domain,womenwill.mx
domain,x.company
domain,x.team
domain,xn--9kr7l.com
domain,xn--9trs65b.com
domain,xn--flw351e.com
domain,xn--ggle-55da.com
domain,xn--gogl-0nd52e.com
domain,xn--gogl-1nd42e.com
domain,xplr.co
domain,zukunftswerkstatt.de
domain,google-ohttp-relay-safebrowsing.fastly-edge.com
domain,aboutfacebook.com
domain,accessfacebookfromschool.com
domain,acebooik.com
domain,acebook.com
domain,advancediddetection.com
domain,askfacebook.net
domain,askfacebook.org
domain,atdmt2.com
domain,atlasdmt.com
domain,atlasonepoint.com
domain,buyingfacebooklikes.com
domain,careersatfb.com
domain,celebgramme.com
domain,china-facebook.com
domain,click-url.com
domain,como-hackearfacebook.com
domain,crowdtangle.com
domain,dacebook.com
domain,dlfacebook.com
domain,dotfacebook.com
domain,dotfacebook.net
domain,expresswifi.com
domain,faacebok.com
domain,faacebook.com
domain,faasbook.com
domain,facbebook.com
domain,facbeok.com
domain,facboo.com
domain,facbook.com
domain,facbool.com
domain,facboox.com
domain,faccebook.com
domain,faccebookk.com
domain,facdbook.com
domain,facdebook.com
domain,face-book.com
domain,faceabook.com
domain,facebboc.com
domain,facebbook.com
domain,facebboook.com
domain,facebcook.com
domain,facebdok.com
domain,facebgook.com
domain,facebhook.com
domain,facebkkk.com
domain,facebo-ok.com
domain,faceboak.com
domain,facebock.com
domain,facebocke.com
domain,facebof.com
domain,faceboik.com
domain,facebok.com
domain,facebokbook.com
domain,facebokc.com
domain,facebokk.com
domain,facebokok.com
domain,faceboks.com
domain,facebol.com
domain,facebolk.com
domain,facebomok.com
domain,faceboo.com
domain,facebooa.com
domain,faceboob.com
domain,faceboobok.com
domain,facebooc.com
domain,faceboock.com
domain,facebood.com
domain,facebooe.com
domain,faceboof.com
domain,facebooi.com
domain,facebooik.com
domain,facebooik.org
domain,facebooj.com
domain,facebook-corp.com
domain,facebook-covid-19.com
domain,facebook-ebook.com
domain,facebook-forum.com
domain,facebook-hardware.com
domain,facebook-inc.com
domain,facebook-login.com
domain,facebook-newsroom.com
domain,facebook-newsroom.org
domain,facebook-pmdcenter.com
domain,facebook-pmdcenter.net
domain,facebook-pmdcenter.org
domain,facebook-privacy.com
domain,facebook-program.com
domain,facebook-studio.com
domain,facebook-support.org
domain,facebook-texas-holdem.com
domain,facebook-texas-holdem.net
domain,facebook.br
domain,facebook.ca
domain,facebook.cc
domain,facebook.com
domain,facebook.design
domain,facebook.net
domain,facebook.hu
domain,facebook.in
domain,fecebook.net
domain,facebook.nl
domain,facebook.org
domain,facebook.se
domain,facebook.shop
domain,facebook.tv
domain,facebook.us
domain,facebook.wang
domain,facebook123.org
domain,facebook30.com
domain,facebook30.net
domain,facebook30.org
domain,facebook4business.com
domain,facebookadvertisingsecrets.com
domain,facebookatschool.com
domain,facebookawards.com
domain,facebookblueprint.net
domain,facebookbrand.com
domain,facebookbrand.net
domain,facebookcanadianelectionintegrityinitiative.com
domain,facebookcareer.com
domain,facebookcheats.com
domain,facebookck.com
domain,facebookclub.com
domain,facebookcom.com
domain,facebookconsultant.org
domain,facebookcoronavirus.com
domain,facebookcovers.org
domain,facebookcredits.info
domain,facebookdating.net
domain,facebookdusexe.org
domain,facebookemail.com
domain,facebookenespanol.com
domain,facebookexchange.com
domain,facebookexchange.net
domain,facebookfacebook.com
domain,facebookflow.com
domain,facebookgames.com
domain,facebookgraphsearch.com
domain,facebookgraphsearch.info
domain,facebookgroups.com
domain,facebookhome.cc
domain,facebookhome.com
domain,facebookhome.info
domain,facebookhub.com
domain,facebooki.com
domain,facebookinc.com
domain,facebookland.com
domain,facebooklikeexchange.com
domain,facebooklive.com
domain,facebooklivestaging.net
domain,facebooklivestaging.org
domain,facebooklogin.com
domain,facebooklogin.info
domain,facebookloginhelp.net
domain,facebooklogs.com
domain,facebookmail.com
domain,facebookmail.tv
domain,facebookmanager.info
domain,facebookmarketing.info
domain,facebookmarketingpartner.com
domain,facebookmarketingpartners.com
domain,facebookmobile.com
domain,facebookmsn.com
domain,facebooknews.com
domain,facebooknfl.com
domain,facebooknude.com
domain,facebookofsex.com
domain,facebookook.com
domain,facebookpaper.com
domain,facebookpay.com
domain,facebookphonenumber.net
domain,facebookphoto.com
domain,facebookphotos.com
domain,facebookpmdcenter.com
domain,facebookpoke.net
domain,facebookpoke.org
domain,facebookpoker.info
domain,facebookpokerchips.info
domain,facebookporn.net
domain,facebookporn.org
domain,facebookporno.net
domain,facebookportal.com
domain,facebooks.com
domain,facebooksafety.com
domain,facebooksecurity.net
domain,facebookshop.com
domain,facebooksignup.net
domain,facebooksite.net
domain,facebookstories.com
domain,facebookstudios.net
domain,facebookstudios.org
domain,facebooksupplier.com
domain,facebooksuppliers.com
domain,facebookswagemea.com
domain,facebookswagstore.com
domain,facebooksz.com
domain,facebookthreads.net
domain,facebooktv.net
domain,facebooktv.org
domain,facebookvacation.com
domain,facebookw.com
domain,facebookworld.com
domain,facebool.com
domain,facebool.info
domain,facebooll.com
domain,faceboom.com
domain,faceboon.com
domain,faceboonk.com
domain,faceboooik.com
domain,faceboook.com
domain,faceboop.com
domain,faceboot.com
domain,faceboox.com
domain,facebopk.com
domain,facebpook.com
domain,facebuk.com
domain,facebuok.com
domain,facebvook.com
domain,facebyook.com
domain,facebzook.com
domain,facecbgook.com
domain,facecbook.com
domain,facecbook.org
domain,facecook.com
domain,facecook.org
domain,facedbook.com
domain,faceebok.com
domain,faceebook.com
domain,faceebot.com
domain,facegbok.com
domain,facegbook.com
domain,faceobk.com
domain,faceobok.com
domain,faceobook.com
domain,faceook.com
domain,facerbooik.com
domain,facerbook.com
domain,facesbooc.com
domain,facesounds.com
domain,facetook.com
domain,facevbook.com
domain,facewbook.co
domain,facewook.com
domain,facfacebook.com
domain,facfebook.com
domain,fackebook.com
domain,facnbook.com
domain,facrbook.com
domain,facvebook.com
domain,facwebook.com
domain,facxebook.com
domain,fadebook.com
domain,faebok.com
domain,faebook.com
domain,faebookc.com
domain,faeboook.com
domain,faecebok.com
domain,faesebook.com
domain,fafacebook.com
domain,faicbooc.com
domain,fasebokk.com
domain,fasebook.com
domain,faseboox.com
domain,favebook.com
domain,faycbok.com
domain,fb.careers
domain,fb.com
domain,fb.gg
domain,fb.me
domain,fb.watch
domain,fbacebook.com
domain,fbbmarket.com
domain,fbboostyourbusiness.com
domain,fbcdn.com
domain,fbcdn.net
domain,fbfeedback.com
domain,fbhome.com
domain,fbidb.io
domain,fbinc.com
domain,fbinnovation.com
domain,fbmarketing.com
domain,fbreg.com
domain,fbrpms.com
domain,fbsbx.com
domain,fbsbx.net
domain,fbsupport-covid.net
domain,fbthirdpartypixel.com
domain,fbthirdpartypixel.net
domain,fbthirdpartypixel.org
domain,fburl.com
domain,fbwat.ch
domain,fbworkmail.com
domain,fcacebook.com
domain,fcaebook.com
domain,fcebook.com
domain,fcebookk.com
domain,fcfacebook.com
domain,fdacebook.info
domain,feacboo.com
domain,feacbook.com
domain,feacbooke.com
domain,feacebook.com
domain,fecbbok.com
domain,fecbooc.com
domain,fecbook.com
domain,feceboock.com
domain,feceboox.com
domain,fececbook.com
domain,feook.com
domain,ferabook.com
domain,fescebook.com
domain,fesebook.com
domain,ffacebook.com
domain,fgacebook.com
domain,ficeboock.com
domain,fmcebook.com
domain,fnacebook.com
domain,fosebook.com
domain,fpacebook.com
domain,fqcebook.com
domain,fracebook.com
domain,freeb.com
domain,freebasics.com
domain,freebasics.net
domain,freebs.com
domain,freefacebook.com
domain,freefacebook.net
domain,freefacebookads.net
domain,freefblikes.com
domain,freindfeed.com
domain,friendbook.info
domain,friendfed.com
domain,friendfeed-api.com
domain,friendfeed-media.com
domain,friendfeed.com
domain,friendfeedmedia.com
domain,fsacebok.com
domain,fscebook.com
domain,fundraisingwithfacebook.com
domain,funnyfacebook.org
domain,futureofbusinesssurvey.org
domain,gacebook.com
domain,gameroom.com
domain,gfacecbook.com
domain,groups.com
domain,hackerfacebook.com
domain,hackfacebook.com
domain,hackfacebookid.com
domain,hifacebook.info
domain,howtohackfacebook-account.com
domain,hsfacebook.com
domain,httpfacebook.com
domain,httpsfacebook.com
domain,httpwwwfacebook.com
domain,i.org
domain,internet.org
domain,klik.me
domain,liverail.com
domain,liverail.tv
domain,login-account.net
domain,markzuckerberg.com
domain,midentsolutions.com
domain,mobilefacebook.com
domain,moneywithfacebook.com
domain,myfbfans.com
domain,newsfeed.com
domain,nextstop.com
domain,online-deals.net
domain,opencreate.org
domain,reachtheworldonfacebook.com
domain,rocksdb.org
domain,shopfacebook.com
domain,sportsfacebook.com
domain,sportstream.com
domain,supportfacebook.com
domain,terragraph.com
domain,thefacebook.com
domain,thefacebook.net
domain,thefind.com
domain,toplayerserver.com
domain,viewpointsfromfacebook.com
domain,whyfacebook.com
domain,worldhack.com
domain,www-facebook.com
domain,wwwfacebok.com
domain,wwwfacebook.com
domain,wwwmfacebook.com
domain,zuckerberg.com
domain,zuckerberg.net
domain,facebookwork.com
domain,redkix.com
domain,workplace.com
domain,workplaceusecases.com
domain,fbcdn-a.akamaihd.net
package_name,com.facebook.android
package_name,com.facebook.ios
package_name,com.facebook.katana
domain,achat-followers-instagram.com
domain,acheter-followers-instagram.com
domain,acheterdesfollowersinstagram.com
domain,acheterfollowersinstagram.com
domain,bookstagram.com
domain,carstagram.com
domain,cdninstagram.com
domain,chickstagram.com
domain,ig.me
domain,igcdn.com
domain,igsonar.com
domain,igtv.com
domain,imstagram.com
domain,imtagram.com
domain,instaadder.com
domain,instachecker.com
domain,instafallow.com
domain,instafollower.com
domain,instagainer.com
domain,instagda.com
domain,instagify.com
domain,instagmania.com
domain,instagor.com
domain,instagram-brand.com
domain,instagram-engineering.com
domain,instagram-help.com
domain,instagram-press.com
domain,instagram-press.net
domain,instagram.com
domain,instagramci.com
domain,instagramcn.com
domain,instagramdi.com
domain,instagramhashtags.net
domain,instagramhilecim.com
domain,instagramhilesi.org
domain,instagramium.com
domain,instagramizlenme.com
domain,instagramkusu.com
domain,instagramlogin.com
domain,instagramm.com
domain,instagramn.com
domain,instagrampartners.com
domain,instagramphoto.com
domain,instagramq.com
domain,instagramsepeti.com
domain,instagramtakipcisatinal.net
domain,instagramtakiphilesi.com
domain,instagramtips.com
domain,instagramtr.com
domain,instagran.com
domain,instagranm.com
domain,instagrem.com
domain,instagrm.com
domain,instagtram.com
domain,instagy.com
domain,instamgram.com
domain,instangram.com
domain,instanttelegram.com
domain,instaplayer.net
domain,instastyle.tv
domain,instgram.com
domain,intagram.com
domain,intagrm.com
domain,intgram.com
domain,kingstagram.com
domain,lnstagram-help.com
domain,theinstagramhack.com
domain,oninstagram.com
domain,online-instagram.com
domain,onlineinstagram.com
domain,web-instagram.net
domain,wwwinstagram.com
domain,threads.com
domain,threads.net
domain,fbmessenger.com
domain,m.me
domain,messenger.com
domain,nbabot.net
domain,bizographics.com
domain,l-0005.dc-msedge.net
domain,l-0005.l-msedge.net
domain,licdn.com
domain,linkedin.at
domain,linkedin.com
domain,lnkd.in
domain,e122475.dscg.akamaiedge.net
domain,licdn.cn.cdn20.com
domain,linkedin.sc.omtrdc.net
domain,pin.it
domain,pinimg.com
domain,pinterest.at
domain,pinterest.be
domain,pinterest.ca
domain,pinterest.ch
domain,pinterest.cl
domain,pinterest.co
domain,pinterest.co.at
domain,pinterest.co.in
domain,pinterest.co.kr
domain,pinterest.co.nz
domain,pinterest.co.uk
domain,pinterest.com
domain,pinterest.com.au
domain,pinterest.com.bo
domain,pinterest.com.ec
domain,pinterest.com.mx
domain,pinterest.com.pe
domain,pinterest.com.py
domain,pinterest.com.uy
domain,pinterest.com.vn
domain,pinterest.de
domain,pinterest.dk
domain,pinterest.ec
domain,pinterest.engineering
domain,pinterest.es
domain,pinterest.fr
domain,pinterest.hu
domain,pinterest.id
domain,pinterest.ie
domain,pinterest.in
domain,pinterest.info
domain,pinterest.it
domain,pinterest.jp
domain,pinterest.kr
domain,pinterest.mx
domain,pinterest.net
domain,pinterest.nl
domain,pinterest.nz
domain,pinterest.pe
domain,pinterest.ph
domain,pinterest.pt
domain,pinterest.ru
domain,pinterest.se
domain,pinterest.th
domain,pinterest.tw
domain,pinterest.uk
domain,pinterest.vn
domain,pinterestmail.com
domain,pinimg.com.cdn.cloudflare.net
domain,pinterest.map.fastly.net
domain,redd.it
domain,reddit.app.link
domain,reddit.com
domain,redditblog.com
domain,reddithelp.com
domain,redditinc.com
domain,redditmail.com
domain,redditmedia.com
domain,redditspace.com
domain,redditstatic.com
domain,redditstatus.com
domain,reddit.map.fastly.net
domain,wa.me
domain,whatsapp-plus.info
domain,whatsapp-plus.me
domain,whatsapp-plus.net
domain,whatsapp.cc
domain,whatsapp.com
domain,whatsapp.info
domain,whatsapp.net
domain,whatsapp.org
domain,whatsapp.tv
domain,whatsappbrand.com
domain,cms-twdigitalassets.com
domain,periscope.tv
domain,pscp.tv
domain,t.co
domain,tellapart.com
domain,tweetdeck.com
domain,twimg.com
domain,twitpic.com
domain,twitter.biz
domain,twitter.com
domain,twitter.jp
domain,twitter.map.fastly.net
domain,twittercommunity.com
domain,twitterflightschool.com
domain,twitterinc.com
domain,twitteroauth.com
domain,twitterstat.us
domain,twtrdns.net
domain,twttr.com
domain,twttr.net
domain,twvid.com
domain,vine.co
domain,x.com
domain,youtube
domain,ggpht.cn
domain,ggpht.com
domain,googlevideo.com
domain,wide-youtube.l.google.com
domain,withyoutube.com
domain,youtu.be
domain,youtube-nocookie.com
domain,youtube-ui.l.google.com
domain,youtube.ae
domain,youtube.al
domain,youtube.am
domain,youtube.at
domain,youtube.az
domain,youtube.ba
domain,youtube.be
domain,youtube.bg
domain,youtube.bh
domain,youtube.bo
domain,youtube.by
domain,youtube.ca
domain,youtube.cat
domain,youtube.ch
domain,youtube.cl
domain,youtube.co
domain,youtube.co.ae
domain,youtube.co.at
domain,youtube.co.cr
domain,youtube.co.hu
domain,youtube.co.id
domain,youtube.co.il
domain,youtube.co.in
domain,youtube.co.jp
domain,youtube.co.ke
domain,youtube.co.kr
domain,youtube.co.ma
domain,youtube.co.nz
domain,youtube.co.th
domain,youtube.co.tz
domain,youtube.co.ug
domain,youtube.co.uk
domain,youtube.co.ve
domain,youtube.co.za
domain,youtube.co.zw
domain,youtube.com
domain,youtube.com.ar
domain,youtube.com.au
domain,youtube.com.az
domain,youtube.com.bd
domain,youtube.com.bh
domain,youtube.com.bo
domain,youtube.com.br
domain,youtube.com.by
domain,youtube.com.co
domain,youtube.com.do
domain,youtube.com.ec
domain,youtube.com.ee
domain,youtube.com.eg
domain,youtube.com.es
domain,youtube.com.gh
domain,youtube.com.gr
domain,youtube.com.gt
domain,youtube.com.hk
domain,youtube.com.hn
domain,youtube.com.hr
domain,youtube.com.jm
domain,youtube.com.jo
domain,youtube.com.kw
domain,youtube.com.lb
domain,youtube.com.lv
domain,youtube.com.ly
domain,youtube.com.mk
domain,youtube.com.mt
domain,youtube.com.mx
domain,youtube.com.my
domain,youtube.com.ng
domain,youtube.com.ni
domain,youtube.com.om
domain,youtube.com.pa
domain,youtube.com.pe
domain,youtube.com.ph
domain,youtube.com.pk
domain,youtube.com.pt
domain,youtube.com.py
domain,youtube.com.qa
domain,youtube.com.ro
domain,youtube.com.sa
domain,youtube.com.sg
domain,youtube.com.sv
domain,youtube.com.tn
domain,youtube.com.tr
domain,youtube.com.tw
domain,youtube.com.ua
domain,youtube.com.uy
domain,youtube.com.ve
domain,youtube.cr
domain,youtube.cz
domain,youtube.de
domain,youtube.dk
domain,youtube.ee
domain,youtube.es
domain,youtube.fi
domain,youtube.fr
domain,youtube.ge
domain,youtube.googleapis.com
domain,youtube.gr
domain,youtube.gt
domain,youtube.hk
domain,youtube.hr
domain,youtube.hu
domain,youtube.ie
domain,youtube.in
domain,youtube.iq
domain,youtube.is
domain,youtube.it
domain,youtube.jo
domain,youtube.jp
domain,youtube.kr
domain,youtube.kz
domain,youtube.la
domain,youtube.lk
domain,youtube.lt
domain,youtube.lu
domain,youtube.lv
domain,youtube.ly
domain,youtube.ma
domain,youtube.md
domain,youtube.me
domain,youtube.mk
domain,youtube.mn
domain,youtube.mx
domain,youtube.my
domain,youtube.ng
domain,youtube.ni
domain,youtube.nl
domain,youtube.no
domain,youtube.pa
domain,youtube.pe
domain,youtube.ph
domain,youtube.pk
domain,youtube.pl
domain,youtube.pr
domain,youtube.pt
domain,youtube.qa
domain,youtube.ro
domain,youtube.rs
domain,youtube.ru
domain,youtube.sa
domain,youtube.se
domain,youtube.sg
domain,youtube.si
domain,youtube.sk
domain,youtube.sn
domain,youtube.soy
domain,youtube.sv
domain,youtube.tn
domain,youtube.tv
domain,youtube.ua
domain,youtube.ug
domain,youtube.uy
domain,youtube.vn
domain,youtubeeducation.com
domain,youtubeembeddedplayer.googleapis.com
domain,youtubefanfest.com
domain,youtubegaming.com
domain,youtubego.co.id
domain,youtubego.co.in
domain,youtubego.com
domain,youtubego.com.br
domain,youtubego.id
domain,youtubego.in
domain,youtubei.googleapis.com
domain,youtubekids.com
domain,youtubemobilesupport.com
domain,yt.be
domain,ytimg.com
domain,yt3.googleusercontent.com
domain,bytedapm.com
domain,byteoversea.com
domain,muscdn.com
domain,musical.ly
domain,tik-tokapi.com
domain,tiktok-minis.com
domain,tiktok-row.net
domain,tiktok.com
domain,tiktokcdn-eu.com
domain,tiktokcdn-us.com
domain,tiktokcdn.com
domain,tiktokd.net
domain,tiktokd.org
domain,tiktokeu-cdn.com
domain,tiktokglobalshopv.com
domain,tiktokminis.us
domain,tiktokrow-cdn.com
domain,tiktokv.com
domain,tiktokv.eu
domain,tiktokv.us
domain,tiktokw.eu
domain,tiktokw.us
domain,ttlivecdn.com
domain,ttoverseaus.net
domain,ttwstatic.com
domain,tiktokcdn-us.com.edgesuite.net
domain,tiktokcdn.com.akamaized.net
domain,tiktokcdn.com.edgesuite.net
domain,tiktokv.com.edgekey.net
domain,tiktokv.com.edgesuite.net
domain,p16-tiktokcdn-com.akamaized.net
domain,roovza-launches.appsflyersdk.com
domain,roovza.inapps.appsflyersdk.com
domain,roovza.launches.appsflyersdk.com
domain,roovza.skadsdk.appsflyersdk.com
